App id,Name of the application,Display name of the application,Genre of the app,Age of the app,current locale of the sheet,"comma separeted locale names, i.e en_US, etc",s3 link for the listing background,Integer number which will decide the priority of the display,Integer number which will decide the priority of the display of max talents,Seller Name,Screenshots folder link,Screenshots - comma separated image names,Icon folder link,Icon image name,Description,Status of the app,True / False value to show if CTA is applicable,Text to show on top right of detail page,Max Card folder link,Max card image name,Release Date,Split of Max content,Internet / Offline,What's New within the app?,Live
id,name,display_name,category,age,locale,supported_locale,listing_background,priority,priority_max,seller,screenshot_base_url,screenshots_filename,icon_base_url,icon_filename,description,Active,max_cta,max_tag,max_card_s3_link,max_card,,,,,
1,Camera,Camera,"Utility, Fun",5-10 years,en_US," en_US,ar_AE,de_DE,es_US,es_ES,fr_FR,it_IT,zh_CN",https://storage.googleapis.com/miko3-parental/app_talent_cards/camera_card.png,33,,Miko,https://storage.googleapis.com/miko3-parental/camera/,"camera_screenshot_1.png, camera_screenshot_2.png, camera_screenshot_3.png, camera_screenshot_4.png",https://storage.googleapis.com/miko3-parental/app_icons/,camera_icon.png,The 2 Megapixel camera captures sweet moments of kids playing with Miko 3! The timer functionality lets the child record one minute long videos & take wonderful pictures as well!,TRUE,FALSE,NA,,,Nov'21,Free,,,Live
2,Moments,Moments,"Utility, Fun",5-10 years,en_US,"en_US,ar_AE,de_DE,es_US,es_ES,fr_FR,it_IT,zh_CN",https://storage.googleapis.com/miko3-parental/app_talent_cards/moments_card.png,30,,Miko,https://storage.googleapis.com/miko3-parental/moments/,"moments_screenshot_1.png, moments_screenshot_2.png, moments_screenshot_3.png, moments_screenshot_4.png",https://storage.googleapis.com/miko3-parental/app_icons/,moments_icon.png,A digital scrapbook of sweet memories! Moments showcases a gallery of all the photos and videos captured by the child through the camera on Miko.,TRUE,FALSE,NA,,,nov'21,Free,,,Live
3,Fight Viruses,Fight Viruses,"Quiz, Game, Wellness",5-10 years,en_US,"en_US,ar_AE,de_DE,es_US,es_ES,fr_FR,it_IT,zh_CN",https://storage.googleapis.com/miko3-parental/app_talent_cards/fight_viruses_card.png,14,,Miko,https://storage.googleapis.com/miko3-parental/fight_viruses/,"FV_Screenshot1.png, FV_Screenshot2.png, FV_Screenshot3.png, FV_Screenshot4.png, FV_Screenshot5.png",https://storage.googleapis.com/miko3-parental/app_icons/,fight_viruses_icon.png,"The Fight Viruses app is a 10-level innovative match-up game. It teaches kids about health, sanitisation & cleanliness. It also teaches best practices & precautionary measures one should take against virus infections.",TRUE,FALSE,NA,,,nov'21,Free,,,Live
4,Flag-a-thon!,Flag-a-thon!,"Quiz, Game, World",7-10 years,en_US,"en_US,ar_AE,de_DE,es_US,es_ES,fr_FR,it_IT,zh_CN",https://storage.googleapis.com/miko3-parental/app_talent_cards/flag_a_thon_card.png,7,,Miko,https://storage.googleapis.com/miko3-parental/flag_a_thon/,"Flag_screenshot.png, Flag_screenshot1.png, Flag_screenshot2.png, Flag_screenshot3.png",https://storage.googleapis.com/miko3-parental/app_icons/,flag_a_thon_icon.png,"Teaching kids about flags was never this easy! With more than 200 flags in our kitty, your child is sure to learn about our global community in the most fun way!",TRUE,FALSE,NA,,,nov'21,Free,,,Live
5,Backpacking!,Backpacking!,"Story, World",5-8 years,en_US,"en_US,ar_AE,de_DE,es_US,es_ES,fr_FR,it_IT,zh_CN",https://storage.googleapis.com/miko3-parental/app_talent_cards/backpacking_card.png,9,,Miko,https://storage.googleapis.com/miko3-parental/backpacking/,"B_Screenshot1.png, B_Screenshot2.png, B_Screenshot3.png, B_Screenshot4.png",https://storage.googleapis.com/miko3-parental/app_icons/,backpacking_icon.png,"Enjoy the American experience with our travel app! Let your child roam around United States without even leaving the house! The app features two alien friends, Zippy & Tubby who act as tourist guides for your little explorer.",TRUE,FALSE,NA,,,nov'21,Free,,,Live
6,Wild Jingle,Wild Jingle,"Miscellaneous, Game, Environment",5-6 years,en_US,"en_US,ar_AE,de_DE,es_US,es_ES,fr_FR,it_IT,zh_CN",https://storage.googleapis.com/miko3-parental/app_talent_cards/wild_jingle_card.png,19,,Miko,https://storage.googleapis.com/miko3-parental/wild_jingle/,"Wild_Jingle_Screenshot1.jpg, Wild_Jingle_Screenshot2.jpg, Wild_Jingle_Screenshot3.jpg, Wild_Jingle_Screenshot4.jpg",https://storage.googleapis.com/miko3-parental/app_icons/,wild_jingle_icon.png,Entertain your child with animal sounds! This app comprises of various animal sounds which will help your child in understanding our fellow earthlings in a much better way.,TRUE,FALSE,NA,,,nov'21,Free,,,Live
8,Ting Ting Tales,Ting Ting Tales,"Story, Values",5-8 years,en_US,en_US,https://storage.googleapis.com/miko3-parental/app_talent_cards/ting_ting_tales.png,23,,Miko,https://storage.googleapis.com/miko3-parental/ting_ting_tales/,"TTT_screenshot1.png, TTT_screenshot2.png, TTT_screenshot3.png, TTT_screenshot4.png, TTT_screenshot5.png",https://storage.googleapis.com/miko3-parental/app_icons/,ting_ting_tales_icon.png,"A collection of digital comic books with sounds and pictures that enhance the whole story telling experience! Teach your kids good morals, values, ethics & kindness through Ting Ting Tales. This can be a great bedtime routine for your little one!",TRUE,FALSE,NA,,,nov'21,Free,,,Live
9,Mikojis,Mikojis,"Personality, Fun",5-8 years,en_US,"en_US,ar_AE,de_DE,es_US,es_ES,fr_FR,it_IT,zh_CN",https://storage.googleapis.com/miko3-parental/app_talent_cards/mikojis_card.png,27,,Miko,https://storage.googleapis.com/miko3-parental/mikojis/,"M_Screenshot.png, M_Screenshot1.png, M_Screenshot2.png, M_Screenshot3.png",https://storage.googleapis.com/miko3-parental/app_icons/,mikojis_icon.png,"A robot with feelings is a rare sight! With our Mikojis app, Miko expresses all its emotions through the cutest emojis. Miko can go crazy! It can blush, snore, smirk & yawn too. There are 18 Mikojis through which Miko interacts with the child's ever-changing moods!",TRUE,FALSE,NA,,,nov'21,Free,,,Live
10,Miko Moves ,Miko Moves ,"Personality, Fun",5-8 years,en_US,"en_US,ar_AE,de_DE,es_US,es_ES,fr_FR,it_IT,zh_CN",https://storage.googleapis.com/miko3-parental/app_talent_cards/miko_moves_card.png,17,,Miko,https://storage.googleapis.com/miko3-parental/miko_moves/,"Miko_moves_screenshot1.jpg, Miko_moves_screenshot2.jpg, Miko_moves_screenshot3.jpg, Miko_moves_screenshot4.jpg",https://storage.googleapis.com/miko3-parental/app_icons/,miko_moves_icon.png,Who knew learning geometric shapes can be this fun? All you have to do is place Miko 3 on the floor and open the app. We are sure that your child will not only have a great time watching Miko move but also ace in learning geometric shapes.,TRUE,FALSE,NA,,,nov'21,Free,,,Live
11,Quizzard,Quizzard,"Quiz, Game, Trivia",7-10 years,en_US,"en_US,ar_AE,de_DE,es_US,es_ES,fr_FR,it_IT,zh_CN",https://storage.googleapis.com/miko3-parental/app_talent_cards/quizzard_card.png,21,,Miko,https://storage.googleapis.com/miko3-parental/quizzard/,"Quizzard_screenshot1.jpg, Quizzard_screenshot2.jpg, Quizzard_screenshot3.jpg, Quizzard_screenshot4.jpg",https://storage.googleapis.com/miko3-parental/app_icons/,quizzard_icon.png,"A quizzical way of teaching kids is here! In this game, Miko asks questions with 4 answer options to choose from. The child has to select the correct answer to move ahead in the game. With levels such as Easy, Medium & Hard, this game is suitable for all ages!",TRUE,FALSE,NA,,,dec'21,Free,,,Live
12,Tic Tac Toe,Tic Tac Toe,"Quest, Game, Logic",7-8 years,en_US,"en_US,ar_AE,de_DE,es_US,es_ES,fr_FR,it_IT,zh_CN",https://storage.googleapis.com/miko3-parental/app_talent_cards/tictactoe_card.png,25,,Miko,https://storage.googleapis.com/miko3-parental/tic_tac_toe/,"TicTacToe_Screenshot.png, TicTacToe_Screenshot1.png, TicTacToe_Screenshot2.png, TicTacToe_Screenshot3.png",https://storage.googleapis.com/miko3-parental/app_icons/,tic_tac_toe_icon.png,XOXO! This game gives a modern twist to its classic counterpart with introduction of themes related to magic and aliens! Watch your little one improve their logical thinking and problem solving skills through Tic Tac Toe!,TRUE,FALSE,NA,,,nov'21,Free,,,Live
13,Dance Master,Dance Master,"Personality, Wellness",5-10 years,en_US,"en_US,ar_AE,de_DE,es_US,es_ES,fr_FR,it_IT,zh_CN",https://storage.googleapis.com/miko3-parental/app_talent_cards/dance_master_card.png,29,,Miko,https://storage.googleapis.com/miko3-parental/dancemaster/,"DM_Screenshot1.png, DM_Screenshot2.png, DM_Screenshot3.png, DM_Screenshot4.png",https://storage.googleapis.com/miko3-parental/app_icons/,dancemaster_icon.png,Welcome to one of our funnest talents! Play any song on your phone/device & open this app. Miko detects the changing beat of the song and dances with the coolest moves! You will also find preset dance routines for your child to groove to! Party On!,TRUE,FALSE,NA,,,nov'21,Free,,,Live
14,Puzzle Time,Puzzle Time,"Puzzle, Game, Logic",5-8 years,en_US,"en_US,ar_AE,de_DE,es_US,es_ES,fr_FR,it_IT,zh_CN",https://storage.googleapis.com/miko3-parental/app_talent_cards/puzzle_time_card.png,15,,Miko,https://storage.googleapis.com/miko3-parental/puzzle_time/,"Puzzle_Time_screenshot1.png, Puzzle_Time_screenshot2.png, Puzzle_Time_screenshot3.png, Puzzle_Time_screenshot4.png",https://storage.googleapis.com/miko3-parental/app_icons/,puzzle_time_icon.png,Help improve your child's image recognition and hand-eye coordination skill with puzzles! It gets your child to unscramble an image from upto 30 different pieces into 1 recognizable image! Scramble & Unscramble dozens of images with Puzzle Time!,TRUE,FALSE,NA,,,nov'21,Free,,,Live
15,Spell Master,Spell Master,"Quiz, Game, Language",7-10 years,en_US,"en_US,ar_AE,de_DE,es_US,es_ES,fr_FR,it_IT,zh_CN",https://storage.googleapis.com/miko3-parental/app_talent_cards/spell_master_card.png,12,,Miko,https://storage.googleapis.com/miko3-parental/spell_master/,"Spell_Master_screenshot1.png, Spell_Master_screenshot2.png, Spell_Master_screenshot3.png, Spell_Master_screenshot4.png",https://storage.googleapis.com/miko3-parental/app_icons/,spell_master_icon.png,"Spellings can be very challenging. However, Spell Master makes learning super fun! It teaches spellings in a quizzical manner to keep the child engaged and entertained! Categorized into Beginner, Intermediate and Advanced, this game caters to all!",TRUE,FALSE,NA,,,nov'21,Free,,,Live
16,Da Vinci Kids,Da Vinci Kids,"Story, STEM",5-10 years,en_US,en_US,https://storage.googleapis.com/miko3-parental/app_talent_cards/da_vinci_kids_card.jpg,32,13,Da Vinci Kids,https://storage.googleapis.com/miko3-parental/da_vinci_kids/,"DVK_1_720x398.png, DVK_2_720x398.png, DVK_3_720x398.png, DVK_4_720x398.png, DVK_5_720x398.png",https://storage.googleapis.com/miko3-parental/app_icons/,da_vinci_kids_icon.png,"Imagine a personal TV curated specially for your little one! The app plays award-winning tv shows & games for kids covering topics such as science, nature, history, art, technology, social-emotional learning etc. With 13000+ hours of educational videos & 200+ games, your kid is sure to learn great things while having the best time!",TRUE,TRUE,Only with Miko Max,https://storage.googleapis.com/miko3-parental/app_max_cards/,da_vinci_kids_max.jpg,nov'21,100% Max,Internet needed to play,,Live
17,Da Vinci's Games,Da Vinci's Games,"Puzzle, Game, STEM",5-10 years,en_US,en_US,https://storage.googleapis.com/miko3-parental/app_talent_cards/da%20vinci_games_card.png,24,9,Da Vinci Kids,https://storage.googleapis.com/miko3-parental/da_vinci_games/,"DVK_4_720x398.png, DVK_5_720x398.png",https://storage.googleapis.com/miko3-parental/app_icons/,davinci_top_games_icon.png,"Help build your child's problem solving, logical reasoning & memorizing skills at an early age! This app offers over 50 age-appropriate & educational games covering curriculum subjects such as science, maths, history etc. to ensure education is super engaging & fun!",TRUE,TRUE,Only with Miko Max,https://storage.googleapis.com/miko3-parental/app_max_cards/,da_vinci_games_max.jpg,nov'21,100% Max,Internet needed to play,,Live
18,Da Vinci's Shows,Da Vinci's Shows,"Video, STEM",5-10 years,en_US,en_US,https://storage.googleapis.com/miko3-parental/app_talent_cards/da_vinci_shows_card.png,26,6,Da Vinci Kids,https://storage.googleapis.com/miko3-parental/da_vinci_shows/,"DVK_3_720x398.png, DVK_5_720x398.png",https://storage.googleapis.com/miko3-parental/app_icons/,davinci_top_videos_icon.png,"Help build your child's critical thinking & creative skills in the most entertaining way! This app plays award-winning tv shows & documentaries for kids covering topics such as science, nature, history, art, technology, social-emotional learning etc. With 13000+ hours of unique shows, your kid is sure to learn great things while having the best time!",TRUE,TRUE,Only with Miko Max,https://storage.googleapis.com/miko3-parental/app_max_cards/,da_vinci_shows_max.jpg,nov'21,100% Max,Internet needed to play,,Live
19,Marvellous Makes,Marvellous Makes,"Video, Creative Arts",7-10 years,en_US,en_US,https://storage.googleapis.com/miko3-parental/app_talent_cards/dvm_marvellous_makes_card.png,13,5,Da Vinci Kids,https://storage.googleapis.com/miko3-parental/marvellous_makes/,"Marvellous_makes_carousel_1.png, Marvellous_makes_carousel_2.png",https://storage.googleapis.com/miko3-parental/app_icons/,davinci_marvellous_makes_icon.png,Who doesn't love an arts & crafts project! Enjoy the art of creating with tutorial videos that guide your kid through a step by step process in a simple & understandable manner! Let's get creative!,TRUE,TRUE,Only with Miko Max,https://storage.googleapis.com/miko3-parental/app_max_cards/,marvellous_makes_max.jpg,nov'21,100% Max,Internet needed to play,,Live
20,Operation Ouch,Operation Ouch,"Story, STEM",5-10 years,en_US,en_US,https://storage.googleapis.com/miko3-parental/app_talent_cards/dvm_operation_ouch_card.png,20,11,Da Vinci Kids,https://storage.googleapis.com/miko3-parental/operation_ouch/,"operation_ouch_carousel_1.png, operation_ouch_carousel_2.png",https://storage.googleapis.com/miko3-parental/app_icons/,davinci_operation_ouch_icon.png,Meet Real-life Doctors Chris & Xand as they take kids on a scientific journey of how the human body works! A show that is both fun & educational for your little one!,TRUE,TRUE,Only with Miko Max,https://storage.googleapis.com/miko3-parental/app_max_cards/,operation_ouch_max.jpg,nov'21,100% Max,Internet needed to play,,Live
21,Kids Tangram,Kids Tangram,"Puzzle, Game, Logic",5-8 years,en_US,en_US,https://storage.googleapis.com/miko3-parental/app_talent_cards/dvm_kids_tangram_card.png,8,3,Da Vinci Kids,https://storage.googleapis.com/miko3-parental/kids_tangram/,"tangram_snap_1.png, tangram_snap_2.png, tangram_snap_3.png",https://storage.googleapis.com/miko3-parental/app_icons/,davinci_kids_tangram_icon.png,Help improve your child's visuospatial skills with our engrossing puzzle game! This game has two adorable characters that share food through projectile motion of the movable pieces of the puzzle!,TRUE,TRUE,Only with Miko Max,https://storage.googleapis.com/miko3-parental/app_max_cards/,kids_tangram_max.jpg,nov'21,100% Max,Internet needed to play,,Live
22,Kidlo Stories,Kidlo Stories,"Story, Values",5-8 years,en_US,en_US,https://storage.googleapis.com/miko3-parental/app_talent_cards/kidlo_stories_card.png,28,10,Kidloland,https://storage.googleapis.com/miko3-parental/kidlo_stories/,"Screenshot_1.png, Screenshot_2.png, Screenshot_3.png, Screenshot_4.png, Screenshot_5.png",https://storage.googleapis.com/miko3-parental/app_icons/,kidlo_stories_icon.png,"Bond with your kids with this award winning story-telling app! The app comes with a ton of exciting stories such as fairytales, Aesop's fables, bedtime stories, moral & ethic learning stories & a lot more!",TRUE,TRUE,Only with Miko Max,https://storage.googleapis.com/miko3-parental/app_max_cards/,kidlo_stories_max.png,nov'21,8 Free 32 Max Stories,Offline,,Live
26,Start Smart,Start Smart,"Story, STEM",5-6 years,en_US,en_US,https://storage.googleapis.com/miko3-parental/app_talent_cards/start_smart_card.png,10,12,Kidloland,https://storage.googleapis.com/miko3-parental/start_smart/,"Screenshot_1.jpg, Screenshot_2.jpg, Screenshot_3.jpg, Screenshot_4.jpg, Screenshot_5.jpg",https://storage.googleapis.com/miko3-parental/app_icons/,start_smart_icon.png,"Start smart is a new-age classroom for beginners, with colorful images, animations, sounds, music & voice narration! This app offers over 275 educational games, covers English, Math, Science & Geography in a super interesting & fun way and lays the perfect learning foundation for your little one!",TRUE,TRUE,Full Access with Miko Max,https://storage.googleapis.com/miko3-parental/app_max_cards/,start_smart_max.png,nov'21,total topics = 25 & 1 topic has roughly 10 games. 1 or 2 games free in all topics.,Offline,,Live
27,Brain Buzz,Brain Buzz,"Story, STEM",7-8 years,en_US,en_US,https://storage.googleapis.com/miko3-parental/app_talent_cards/brain_buzz_card.png,7,2,Kidloland,https://storage.googleapis.com/miko3-parental/brain_buzz/,"Screenshot_1.png, Screenshot_2.png, Screenshot_3.png, Screenshot_4.png, Screenshot_5.png",https://storage.googleapis.com/miko3-parental/app_icons/,brain_buzz_icon.jpg,"Enter a classroom filled with colorful images, animations, sounds, music & voice narration! Brain Buzz is designed to bring out the inner Einstein out of your little one. Over 290 educational games, covering classroom subjects such as English, Math, Science & Geography will make learning super interesting & fun!",TRUE,TRUE,Full Access with Miko Max,https://storage.googleapis.com/miko3-parental/app_max_cards/,brain_buzz_max.png,nov'21,total topics = 25 & 1 topic has roughly 10 games. 1 or 2 games free in all topics.,Offline,,Live
28,Coding School,Coding School,"Puzzle, Game, STEM",5-10 years,en_US,en_US,https://storage.googleapis.com/miko3-parental/app_talent_cards/coding_school_card.png,31,7,Kidloland,https://storage.googleapis.com/miko3-parental/coding_school/,"Screenshot_1.png, Screenshot_2.png, Screenshot_3.png, Screenshot_4.png, Screenshot_5.png",https://storage.googleapis.com/miko3-parental/app_icons/,coding_school_icon.png,"We are living in a highly technological world! Introduce your kids to the world of coding with our Google award winning app! With over 1000 levels, this app teaches the basics of programming through creative & interesting games to ensure fun & effective learning!",TRUE,TRUE,Full Access with Miko Max,https://storage.googleapis.com/miko3-parental/app_max_cards/,coding_school_max.png,nov'21,total topics = 6 & 1 topic has roughly 20 games. 1 or 2 games free in every topic,Offline,,Live
29,Coloring Club,Coloring Club,"Miscellaneous, Creative Arts",5-8 years,en_US,en_US,https://storage.googleapis.com/miko3-parental/app_talent_cards/coloring_club_card.png,16,4,Kidloland,https://storage.googleapis.com/miko3-parental/coloring_club/,"Screenshot_1.jpg, Screenshot_2.jpg, Screenshot_3.jpg, Screenshot_4.jpg, Screenshot_5.jpg, Screenshot_6.jpg",https://storage.googleapis.com/miko3-parental/app_icons/,coloring_club_icon.png,"An artist lives a 1000 lives! Painting can be a very soothing & calming activity for kids! This app has 700 pages with coloring themes such as magic, monsters, glitter, animation & many more!",TRUE,TRUE,Full Access with Miko Max,https://storage.googleapis.com/miko3-parental/app_max_cards/,coloring_club_max.png,nov'21,"40 percent coloring free , 60 percent max",Offline,,Live
30,Cosmic Kids Yoga,Cosmic Kids Yoga,"Video, Wellness",5-10 years,en_US,en_US,https://storage.googleapis.com/miko3-parental/app_talent_cards/cosmic_kids_card.png,22,8,Cosmic Kids,https://storage.googleapis.com/miko3-parental/cosmic_kids/,"cosmic_screenshot1.png, cosmic_screenshot2.png, cosmic_screenshot3.png, cosmic_screenshot4.png, cosmic_screenshot5.png",https://storage.googleapis.com/miko3-parental/app_icons/,cosmic_Kids_icon.png,"Inculcate great habits in your kids such as practicing yoga & mindfulness! This app offers 28 different yoga videos with simple guided instructions for a healthier mind, body & soul.",TRUE,TRUE,Full Access with Miko Max,https://storage.googleapis.com/miko3-parental/app_max_cards/,cosmic_kids_yoga_max.jpg,dec'21,4 out of 30 videos are free. 26 are max,Internet needed to play,,Live
31,Dreamy Kid,Dreamy Kid,"Video, Wellness",5-10 years,en_US,en_US,https://storage.googleapis.com/miko3-parental/app_talent_cards/dreamy_kid_card.png,11,14,DreamyKid,https://storage.googleapis.com/miko3-parental/dreamy_kid/,"dreamy_kid.png, dreamy_kid1.png, dreamy_kid2.png, dreamy_kid3.png, dreamy_kid4.png, dreamy_kid5.png",https://storage.googleapis.com/miko3-parental/app_icons/,dreamykid_icon.png,"Kids have a lot of energy! Help them channelise it better in a productive way through our guided meditation routine! Not only does this app help center your kids in a cool & calm fashion, it also rids kids of stress, fatigue, anxiety & other draining emotions!",FALSE,TRUE,Full Access with Miko Max,https://storage.googleapis.com/miko3-parental/app_max_cards/,DreamyKid_max.png,dec'21,"4 meditation free, 26 max",Internet needed to play,,Live
32,Out of this word,Out of this word,"Quiz, Game, Language",7-10 years,en_US,en_US,https://storage.googleapis.com/miko3-parental/app_talent_cards/OOTW_card.png,18,1,Out of this word,https://storage.googleapis.com/miko3-parental/out_of_this_word/,"OOTW_screenshot1.png, OOTW_screenshot2.png, OOTW_screenshot3.png, OOTW_screenshot4.png, OOTW_screenshot5.png, OOTW_screenshot6.png",https://storage.googleapis.com/miko3-parental/app_icons/,OOTW_icon.png,"Teach your kids popular idioms & phrases through our two adorable, animated teachers, Max & Moon! This app offers over 70 videos & 100 games that help kids in understanding the origin & meaning of world famous idioms! Isn't this a total 'Win Hands Down'?!",TRUE,TRUE,Full Access with Miko Max,https://storage.googleapis.com/miko3-parental/app_max_cards/,ootw_max.png,jan'22,"3 free, 29 max",Internet needed to play,,Live
33,Oomee Pinata,Oomee Pinata,"Miscellaneous, Game, Fun",5-6 years,en_US,en_US,https://storage.googleapis.com/miko3-parental/app_talent_cards/oomee_pinata_card.png,1,13,Da Vinci Kids,https://storage.googleapis.com/miko3-parental/oomee_pinata/,"oomee_pinata_ss1.png, oomee_pinata_ss2.png, oomee_pinata_ss3.png",https://storage.googleapis.com/miko3-parental/app_icons/,oomee_pinata_icon.png,Don't have a real big-sized pinata lying around? Don't worry! Just have your kids tap our virtual fruit pinata for some fresh fun! Yum!,TRUE,TRUE,Only with Miko Max,https://storage.googleapis.com/miko3-parental/app_max_cards/,oomee_pinata_max.png,dec'21,100% max,Internet needed to play,,Live
34,Christmas Magic,Christmas Magic,"Miscellaneous, Game, Fun",5-10 years,en_US,en_US,https://storage.googleapis.com/miko3-parental/app_talent_cards/christmas_magic_card.png,3,,Miko,https://storage.googleapis.com/miko3-parental/christmas_magic/,"CM_screenshot1.png, CM_screenshot2.png, CM_screenshot3.png, CM_screenshot4.png, CM_screenshot5.png",https://storage.googleapis.com/miko3-parental/app_icons/,christrmas_magic_icon.png,"'You better not pout, I am telling you why, Santa Claus is coming to town!' Let your kids sing along to classic christmas carols & play fun games to receive gifts from Santa! Let's spread the holiday cheer this season!",TRUE,FALSE,NA,,,dec'21,Free,,,Live
35,Wake the Santa,Wake the Santa,"Puzzle, Game, Logic",7-10 years,en_US,en_US,https://storage.googleapis.com/miko3-parental/app_talent_cards/wake_the_santa_card.png,4,12,Da Vinci Kids,https://storage.googleapis.com/miko3-parental/wake_the_santa/,"wake_the_santa_ss_01.png, wake_the_santa_ss_02.png, wake_the_santa_ss_03.png, wake_the_santa_ss_04.png",https://storage.googleapis.com/miko3-parental/app_icons/,wake_the_santa_icon.png,Wakey Wakey! Christmas is a busy season for Santa. Ask your kids to wake Santa up by throwing snowflakes on Santa's head! Rise & Shine Santa! Ho Ho Ho!,TRUE,TRUE,Only with Miko Max,https://storage.googleapis.com/miko3-parental/app_max_cards/,wake_the_santa_max.png,dec'21,100% max,internet needed to play,,Live
36,My Petsaurus,My Petsaurus,"Video, STEM",5-8 years,en_US,en_US,https://storage.googleapis.com/miko3-parental/app_talent_cards/my_petsaurus_card.png,2,13,Da Vinci Kids,https://storage.googleapis.com/miko3-parental/my_petsaurus/,"petsaurus_ss1.png, petsaurus_ss2.png, petsaurus_ss3.png",https://storage.googleapis.com/miko3-parental/app_icons/,my_petsaurus_icon.png,"Imagine giving your child a virtual pet dinosaur! Wouldn't that be cool? Join Chloe ,Topsy ,Megan & Fluffy in their daily adventures as they interact with their petsauruses in the cutest ways!",TRUE,TRUE,Only with Miko Max,https://storage.googleapis.com/miko3-parental/app_max_cards/,my_petsaurus_max.png,dec'21,100% max,internet needed to play,,Live
37,Robowalk,Robowalk,"Miscellaneous, Fun",5-10 years,en_US,en_US,https://storage.googleapis.com/miko3-parental/app_talent_cards/robowalk_card.png,28,,Miko,https://storage.googleapis.com/miko3-parental/robowalk/,"RW_screenshot1.png, RW_screenshot2.png",https://storage.googleapis.com/miko3-parental/app_icons/,robowalk_icon.png,"Miko 'walks the walk & talks the talk' in style! With our new AI feature, let Miko stroll around the house as it greets people without toppling over edges! Kids will love following Miko around!",TRUE,FALSE,NA,,,dec'21,Free,,,Live
38,World Map Quiz,World Map Quiz,"Quiz, Game, World",7-10 years,en_US,en_US,https://storage.googleapis.com/miko3-parental/app_talent_cards/world_map_quiz_card.png,2,14,Qbis,https://storage.googleapis.com/miko3-parental/world_map_quiz/," world_map_quiz_ss1.png, world_map_quiz_ss2.png, world_map_quiz_ss3.png, world_map_quiz_ss4.png, world_map_quiz_ss5.png",https://storage.googleapis.com/miko3-parental/app_icons/,world_map_quiz_icon.png,"Teach your kids about world capitals, flags, countries & geography with this app! The world map highlights the various country regions to make learning much easier & fun!",TRUE,TRUE,Full Access with Miko Max,https://storage.googleapis.com/miko3-parental/app_max_cards/,world_map_quiz_max.png,jan'22,Quizzes related to countries of the continents of america are free. Rest are all paid max content.,offline,,Live
39,Miko Music,Miko Music,"Audio, Video, Fun",5-8 years,en_US,en_US,https://storage.googleapis.com/miko3-parental/app_talent_cards/miko_music_talent_card.png,15,,Miko,https://storage.googleapis.com/miko3-parental/miko_music/,"MM_Screenshot1.png, MM_Screenshot2.png, MM_Screenshot3.png, MM_Screenshot4.png, MM_Screenshot5.png",https://storage.googleapis.com/miko3-parental/app_icons/,miko_music_icon.png,Enjoy a collection of hand-picked rhymes & children- friendly songs for your little one! Let's get ready for some Itsy-Bitsy fun!,TRUE,FALSE,NA,,,jan'22,Free,,,Live
40,Tapping Toes,Tapping Toes,"Personality, Fun",5-10 years,en_US,"en_US,ar_AE,de_DE,es_US,es_ES,fr_FR,it_IT,zh_CN",https://storage.googleapis.com/miko3-parental/app_talent_cards/tapping_toes_card.png,25,,Miko,https://storage.googleapis.com/miko3-parental/tapping_toes/,"TT_screenshot1.png, TT_screenshot2.png, TT_screenshot3.png",https://storage.googleapis.com/miko3-parental/app_icons/,tapping_toes_icon.png,Make Miko dance to your tunes! Play any song on your phone/device & open this app. Miko detects the changing beat of the song and dances with the coolest moves! Party On!,TRUE,FALSE,NA,,,jan'22,Free,,,Live
41,I Seek You,I Seek You,"Personality, Fun",5-10 years,en_US,en_US,https://storage.googleapis.com/miko3-parental/app_talent_cards/i_seek_you_card.png,34,,Miko,https://storage.googleapis.com/miko3-parental/i_seek_you/,"ISY_screenshot1.png, ISY_screenshot2.png, ISY_screenshot3.png",https://storage.googleapis.com/miko3-parental/app_icons/,i_seek_you_icon.png,Set Miko free! Miko strolls around the house & greets people on its way with some music & dance! It's like having a new member in the family!,TRUE,FALSE,NA,,,jan'22,Free,,,Live
42,Lingokids,Lingokids,"Video,Game,Language",5-7 years,en_US,en_US,https://storage.googleapis.com/miko3-parental/app_talent_cards/lingokids_card.png,37,18,Lingokids,https://storage.googleapis.com/miko3-parental/lingokids/,"screenshot_1.png,screenshot_2.png,screenshot_3.png,screenshot_4.png",https://storage.googleapis.com/miko3-parental/app_icons/,lingokids_icon.png,"Take your kid's playful learning to a whole new level through a collection of videos, games and audios from Lingokids! Whether you want your kid to brush up on their English vocabulary, numbers, or just have a good old boogie - we've got you covered!",TRUE,TRUE,Full Access with Miko Max,https://storage.googleapis.com/miko3-parental/app_max_cards/,lingokids_max.png,feb'22,1 Unit is free out of 5 units,Online,,Live
43,Adventure Stories,Adventure Stories,"Story, Values",5-10 years,en_US,en_US,https://storage.googleapis.com/miko3-parental/app_talent_cards/kidlo_adventure.png,10,20,Kidloland,https://storage.googleapis.com/miko3-parental/Adventure-Stories/,"adventure_stories_ss1.png, adventure_stories_ss2.png, adventure_stories_ss3.png, adventure_stories_ss4.png, adventure_stories_ss5.png",https://storage.googleapis.com/miko3-parental/app_icons/,kidlo_adventure_icon.png,"Enjoy the experience of story-telling with one of the finest curators! Bibo takes your kids on a journey through space and time to meet aliens, dinosaurs & other magical creatures!",TRUE,TRUE,Full Access with Miko Max,https://storage.googleapis.com/miko3-parental/app_max_cards/,kidlo_adventure_max_card.png,April 21- 2022,6/7 stories out of ~40,Offline,,Live
44,Moral Stories,Moral Stories,"Story, Values",5-10 years,en_US,en_US,https://storage.googleapis.com/miko3-parental/app_talent_cards/kidlo_moral.png,12,21,Kidloland,https://storage.googleapis.com/miko3-parental/Moral-Stories/,"moral_stores_ss1.png,moral_stores_ss2.png,moral_stores_ss3.png,moral_stores_ss4.png,moral_stores_ss5.png",https://storage.googleapis.com/miko3-parental/app_icons/,kidlo_moral_icon.png,"Explore fun-filled stories that teach important life lessons on sharing, kindness and more.",TRUE,TRUE,Full Access with Miko Max,https://storage.googleapis.com/miko3-parental/app_max_cards/,kidlo_moral_max_card.png,April 21- 2022,6/7 stories out of ~40,Offline,,Live
45,Fairy Tales,Fairy Tales,"Story, Values",5-10 years,en_US,en_US,https://storage.googleapis.com/miko3-parental/app_talent_cards/kidlo_fairy.png,14,22,Kidloland,https://storage.googleapis.com/miko3-parental/Fairy-Tales/," fairy_tales_ss1.png, fairy_tales_ss2.png, fairy_tales_ss3.png, fairy_tales_ss4.png, fairy_tales_ss5.png",https://storage.googleapis.com/miko3-parental/app_icons/,kidlo_fairy_icon.png,Relive classic stories like the Three Little Pigs and Rapunzel alongside your pal Miko.,TRUE,TRUE,Full Access with Miko Max,https://storage.googleapis.com/miko3-parental/app_max_cards/,kidlo_fairy_max_card.png,April 21- 2022,6/7 stories out of ~40,Offline,,Live
46,Early Learning,Early Learning,"Story, Values",5-10 years,en_US,en_US,https://storage.googleapis.com/miko3-parental/app_talent_cards/kidlo_early_learning.png,16,23,Kidloland,https://storage.googleapis.com/miko3-parental/Early-Learning/,"early_learning_ss1.png,early_learning_ss2.png,early_learning_ss3.png,early_learning_ss4.png,early_learning_ss5.png",https://storage.googleapis.com/miko3-parental/app_icons/,kidlo_early_learning_icon.png,Nurture your little one’s love for learning with stories featuring unforgettable characters.,TRUE,TRUE,Full Access with Miko Max,https://storage.googleapis.com/miko3-parental/app_max_cards/,kidlo_early_learning_max_card.png,April 21- 2022,6/7 stories out of ~40,Offline,,Live
47,Animal stories,Animal stories,"Story, Values",5-10 years,en_US,en_US,https://storage.googleapis.com/miko3-parental/app_talent_cards/kidlo_animal.png,18,24,Kidloland,https://storage.googleapis.com/miko3-parental/Animal-Stories/,"animal_stories_ss_1.png,animal_stories_ss_2.png,animal_stories_ss_3.png,animal_stories_ss_4.png",https://storage.googleapis.com/miko3-parental/app_icons/,kidlo_animal.png,"Have tons of laughs with animals in the jungle, on the farm and even in outer space.",TRUE,TRUE,Full Access with Miko Max,https://storage.googleapis.com/miko3-parental/app_max_cards/,kidlo_animal_max_card.png,April 21- 2022,6/7 stories out of ~40,Offline,,Live
48,Phonic Stories,Phonic Stories,"Story, Values",5-10 years,en_US,en_US,https://storage.googleapis.com/miko3-parental/app_talent_cards/kidlo_phonics.png,20,25,Kidloland,https://storage.googleapis.com/miko3-parental/Phonic-Stories/,"phonic_1.png,phonic_2.png,phonic_3.png,phonic_4.png",https://storage.googleapis.com/miko3-parental/app_icons/,kidlo_phonics.png,Boost your child’s reading and writing skills with stories that makes phonics fun.,TRUE,TRUE,Full Access with Miko Max,https://storage.googleapis.com/miko3-parental/app_max_cards/,kidlo_phonics_max_card.png,April 21- 2022,6/7 stories out of ~40,Offline,,Live
49,Kidoodle,Kidoodle,"Video, Fun",5-10 years,en_US,en_US,https://storage.googleapis.com/miko3-parental/app_talent_cards/kidoodle_talent_card.png,39,13,Kidoodle.TV,https://storage.googleapis.com/miko3-parental/kidoodle/,"kidoodle_sc1.png,kidoodle_sc2.png,kidoodle_sc3.png,kidoodle_sc4.png",https://storage.googleapis.com/miko3-parental/app_icons/,kidoodle_icon.png,"Kidoodle.TV is a premiere streaming service devoted to providing safe, engaging, and inspiring experiences for children. With an extensive content library featuring popular TV shows, educational and entertaining programming, gaming content and more. Find the peace-of-mind knowing your kids are safe with Kidoodle.",TRUE,TRUE,Full Access with Miko Max,https://storage.googleapis.com/miko3-parental/app_max_cards/,kidoodle_max_card_3.png,April 21- 2022,6 shows free out of all shows,Online,,Live
50,Calculator,Calculator,Utility,5-10 years,en_US,en_US,https://storage.googleapis.com/miko3-parental/app_talent_cards/calculator.png,5,,Miko,https://storage.googleapis.com/miko3-parental/calculator,"calculator.png,calculator1.png,calculator2.png",https://storage.googleapis.com/miko3-parental/app_icons/,calculator_icon.png,"Miko now hosts a handy calculator which enables your child to do everything from basic arithmatic calculations, to metric conversions. Not just that, it also features a very useful length scale! ",TRUE,FALSE,NA,,,,,,,